total_iterations,totim,kper,kstp,ksub,nouter,ninner,solution_dvmax,solution_dvmax_model,solution_dvmax_node,solution_drmax,solution_drmax_model,solution_drmax_node,solution_alpha,solution_omega
1,1.000000000000000,1,1,1,1,1,-3.641091488672272,1,2000,-.2991433479386743E-06,1,2000,0.9999218,1.027082
2,1.000000000000000,1,1,1,1,2,-.1705517537724091E-01,1,2000,.1193179887788801E-07,1,2000,1.307347,0.8455944
3,1.000000000000000,1,1,1,1,3,.6453885793755998E-03,1,2000,-.1750973893645208E-10,1,1005,0.8094193,1.128635
4,1.000000000000000,1,1,1,1,4,-.4376435026016165E-06,1,2000,.6208804798301573E-13,1,1005,1.123053,0.9455239
5,1.000000000000000,1,1,1,1,5,.8730768454365615E-09,1,2000,.3436235896211717E-14,1,1005,0.8992756,0.2358503E-03
6,1.000000000000000,1,1,1,1,6,.3391020138995260E-12,1,2000,-.7121015658306927E-14,1,2000,0.2349912E-03,0.2339487E-03
7,1.000000000000000,1,1,1,2,1,-12.13605518314658,1,2000,.6806485450161785E-03,1,2000,1.308488,1.581469
8,1.000000000000000,1,1,1,2,2,-9.101247092886814,1,2000,.1568471647843607E-03,1,2000,3.348916,1.228530
9,1.000000000000000,1,1,1,2,3,116.2768051123456,1,2000,.2421431622745994E-02,1,2000,-71.65790,0.7146954
10,1.000000000000000,1,1,1,2,4,-126.1170063930390,1,2000,.1297496283884505E-03,1,2000,-0.4328076E-01,6.913939
11,1.000000000000000,1,1,1,2,5,-2.727706213253088,1,2000,.2611727491865550E-04,1,2000,3.719980,1.559115
12,1.000000000000000,1,1,1,2,6,-1.636110411054076,1,2000,.1699745133657883E-05,1,2000,3.278450,1.228708
13,1.000000000000000,1,1,1,2,7,-.9382523651180267,1,2000,-.2070029481398809E-06,1,2000,2.916246,1.193079
14,1.000000000000000,1,1,1,2,8,-.3104203043009885,1,2000,-.4230326341014950E-06,1,2000,2.373992,2.156418
15,1.000000000000000,1,1,1,2,9,-.2015416444841003,1,2000,.1707597083340917E-06,1,2000,5.271955,0.8774624
16,1.000000000000000,1,1,1,2,10,.2006656170314121E-02,1,2000,-.8700731050096175E-06,1,2000,0.3682749,11.07825
17,1.000000000000000,1,1,1,2,11,-.6106865196259568E-01,1,2000,-.2598967184051670E-06,1,2000,5.184077,2.421459
18,1.000000000000000,1,1,1,2,12,-.5988689812155008E-02,1,2000,-.2132553015076925E-07,1,2000,2.097666,1.156745
19,1.000000000000000,1,1,1,2,13,-.1642612510943454E-02,1,2000,-.3504069891290655E-09,1,2000,2.128265,1.044953
20,1.000000000000000,1,1,1,2,14,-.1045258748024377E-03,1,2000,.3180432009979291E-10,1,2000,1.211109,2.381551
21,1.000000000000000,1,1,1,2,15,-.8374513813353789E-05,1,2000,-.1754166829273623E-12,1,1000,0.9244424,0.9806633
22,1.000000000000000,1,1,1,2,16,-.9003170900298443E-06,1,2000,-.8909719620633901E-13,1,2000,1.678759,0.4729210
23,1.000000000000000,1,1,1,2,17,-.9002453889590479E-07,1,2000,.8671703582025946E-13,1,2000,3.560301,0.5768471
24,1.000000000000000,1,1,1,2,18,.4054747977853111E-07,1,2000,.1238056757785573E-13,1,2000,0.3575781,0.4137514E-04
25,1.000000000000000,1,1,1,2,19,.2666286870407125E-12,1,2000,.1237892911757031E-13,1,2000,0.3951412E-04,0.4140727E-04
26,1.000000000000000,1,1,1,3,1,-9.214513346432170,1,2000,.1900111705616994E-02,1,2000,1.276639,1.432552
27,1.000000000000000,1,1,1,3,2,-3.278335438281855,1,2000,.1281326466986887E-03,1,2000,2.450906,1.100390
28,1.000000000000000,1,1,1,3,3,.5010600877700280,1,2000,.1576497588499173E-03,1,2000,-2.682676,0.6431682
29,1.000000000000000,1,1,1,3,4,-1.383768814578192,1,2000,.2014257555223247E-04,1,2000,-0.6983095,3.966414
30,1.000000000000000,1,1,1,3,5,-.4733536160886359E-01,1,2000,.1715488939619895E-05,1,2000,2.169996,1.467473
31,1.000000000000000,1,1,1,3,6,-.8277674173998623E-02,1,2000,.8362059490658679E-08,1,2000,2.043955,1.063874
32,1.000000000000000,1,1,1,3,7,-.1601493475079831E-02,1,2000,-.5118890344263024E-08,1,2000,2.009133,1.357687
33,1.000000000000000,1,1,1,3,8,-.2142606490226915E-03,1,2000,-.1022304781234143E-09,1,2000,1.924102,1.004296
34,1.000000000000000,1,1,1,3,9,.2843846985899867E-05,1,2000,.2756081586271204E-09,1,2000,-0.5997895,2.780249
35,1.000000000000000,1,1,1,3,10,-.2065883423030538E-04,1,2000,.2504414178198432E-10,1,2000,-3.137484,1.624243
36,1.000000000000000,1,1,1,3,11,-.2623937387854141E-05,1,2000,.3884214929165680E-11,1,2000,2.148595,1.718765
37,1.000000000000000,1,1,1,3,12,-.1927907943851643E-06,1,2000,.2538501319359846E-12,1,2000,1.143359,0.7860585
38,1.000000000000000,1,1,1,3,13,-.4245448052726375E-07,1,2000,-.8189851065711906E-13,1,2000,1.068469,0.7397977E-01
39,1.000000000000000,1,1,1,3,14,-.1035553557286822E-07,1,2000,.1553312413273434E-13,1,2000,1.435659,0.7481883E-02
40,1.000000000000000,1,1,1,3,15,-.2726569880827824E-08,1,2000,.4209051266706336E-13,1,2000,0.8676985E-01,0.2553530E-02
41,1.000000000000000,1,1,1,3,16,-.3495476945414336E-09,1,2000,.4082918800952850E-13,1,1000,0.2983070E-02,0.2287579E-02
42,1.000000000000000,1,1,1,3,17,-.9499105071293674E-10,1,2000,.4062567221918015E-13,1,1000,0.7394203E-02,0.2195320E-02
43,1.000000000000000,1,1,1,4,1,1.227631838214222,1,2000,-.1344338462473909E-02,1,1000,1.004179,2.429353
44,1.000000000000000,1,1,1,4,2,.3800119026357615,1,2000,.3547463924801059E-02,1,1000,3.975308,1.227316
45,1.000000000000000,1,1,1,4,3,.6340699756398321E-01,1,2000,.1854528688657323E-02,1,1000,1.836472,1.838516
46,1.000000000000000,1,1,1,4,4,-.7235964700320910E-01,1,2000,.9237997408465508E-04,1,1000,3.535305,1.349739
47,1.000000000000000,1,1,1,4,5,.4561442532956445E-02,1,2000,.6729679847420296E-04,1,1000,-0.8562883,0.4738595
48,1.000000000000000,1,1,1,4,6,-.4181630414535350E-01,1,2000,-.1209385064833495E-03,1,1000,-5.655825,1.787201
49,1.000000000000000,1,1,1,4,7,-.2721611646617737E-02,1,2000,-.2452423674757093E-04,1,1000,4.251240,1.066305
50,1.000000000000000,1,1,1,4,8,.3101460233606894E-01,1,2000,.2387321002288999E-04,1,1000,0.5368983,9.616251
51,1.000000000000000,1,1,1,4,9,-.1845804720276899E-01,1,2000,-.1771314043660665E-05,1,1000,4.457673,0.8839072
52,1.000000000000000,1,1,1,4,10,.1033741857803513E-02,1,2000,.8111056446665432E-07,1,1000,2.986158,0.9245387
53,1.000000000000000,1,1,1,4,11,.1263146800448847E-02,1,2000,-.2644723768845767E-08,1,1000,0.3642629,1.063103
54,1.000000000000000,1,1,1,4,12,-.1031953986821375E-03,1,2000,.2815701419750511E-08,1,1000,3.934190,2.917864
55,1.000000000000000,1,1,1,4,13,.3394443080089805E-04,1,2000,-.4976676870227948E-09,1,1000,0.4331732E-01,1.184728
56,1.000000000000000,1,1,1,4,14,-.4901885129366345E-04,1,2000,-.1627423120785478E-08,1,1000,33.75178,3.554641
57,1.000000000000000,1,1,1,4,15,.3225053973637312E-05,1,2000,-.1246915664258441E-09,1,1000,1.190934,1.385655
58,1.000000000000000,1,1,1,4,16,.3199123682706080E-07,1,2000,-.4412931812339551E-10,1,1000,0.4559035,1.082640
59,1.000000000000000,1,1,1,4,17,-.1357426992200015E-05,1,2000,.1181330011647034E-11,1,1000,10.68641,1.115261
60,1.000000000000000,1,1,1,4,18,.7382111906574750E-07,1,2000,.9444853047980267E-14,1,1994,1.190099,0.6740293E-02
61,1.000000000000000,1,1,1,4,19,-.9399425579681773E-10,1,2000,.9739296101530248E-14,1,1994,-0.3900656E-01,0.7164161E-02
62,1.000000000000000,1,1,1,5,1,.2179709879802905,1,2000,-.3143139443787962E-04,1,1000,1.000163,1.960042
63,1.000000000000000,1,1,1,5,2,-.2861198034918744E-01,1,2000,.2238432494183820E-03,1,1000,1.901837,1.114991
64,1.000000000000000,1,1,1,5,3,.4450576659433858E-03,1,2000,-.2139415081680977E-04,1,1000,2.024896,0.8932809
65,1.000000000000000,1,1,1,5,4,.5179546312742842,1,1999,.3933052299488196E-04,1,1000,-0.9918923,1.933396
66,1.000000000000000,1,1,1,5,5,.2582966867267272E-04,1,2000,-.5987079847871300E-06,1,1000,-1.063720,2.790829
67,1.000000000000000,1,1,1,5,6,-.1204364821637370E-04,1,2000,-.2986822391348972E-07,1,1000,-0.2295181,0.9601166
68,1.000000000000000,1,1,1,5,7,.1643400170633822E-05,1,2000,-.2471610563041003E-09,1,1000,-23.51354,1.009320
69,1.000000000000000,1,1,1,5,8,.3802382891339025E-06,1,2000,-.3128772967562625E-11,1,1000,0.8536211,1.085984
70,1.000000000000000,1,1,1,5,9,.2891764666610698E-08,1,2000,.9145901658477511E-12,1,1000,0.1723217,1.353948
71,1.000000000000000,1,1,1,5,10,.2642302220490025E-08,1,2000,.2577953443824167E-12,1,2000,7.740317,0.5853036E-01
72,1.000000000000000,1,1,1,5,11,-.4954606366817487E-09,1,2000,-.3138401902818261E-12,1,2000,2.257018,0.2797707E-02
73,1.000000000000000,1,1,1,5,12,-.1135593267934141E-10,1,2000,-.2772962884841264E-12,1,2000,0.2540867E-02,0.2398711E-02
74,1.000000000000000,1,1,1,6,1,.4888339971907878,1,2000,-.1919932998080328E-02,1,2000,1.224661,1.862645
75,1.000000000000000,1,1,1,6,2,.5580212770155548E-01,1,2000,-.1664947798027744E-04,1,2000,3.623166,1.316625
76,1.000000000000000,1,1,1,6,3,-.1805730070057946E-01,1,2000,-.1841648338235513E-04,1,2000,0.6452212,2.988932
77,1.000000000000000,1,1,1,6,4,.3071430011822817E-01,1,2000,.1512191042242539E-03,1,2000,21.54081,0.8222803
78,1.000000000000000,1,1,1,6,5,-.2716961796855454E-01,1,2000,-.1418563975519665E-05,1,2000,0.5921433,0.9423189
79,1.000000000000000,1,1,1,6,6,.1958612301894650E-02,1,2000,.1346111767598896E-05,1,2000,0.6022459,2.838773
80,1.000000000000000,1,1,1,6,7,-.1149719863015172E-02,1,2000,.1347227562754534E-06,1,2000,2.143025,1.256824
81,1.000000000000000,1,1,1,6,8,.3909046005354517E-03,1,2000,-.5357770041485271E-07,1,2000,2.236203,2.612830
82,1.000000000000000,1,1,1,6,9,-.7101239737597259E-04,1,2000,.1338313719215551E-07,1,2000,4.035053,0.9365564
83,1.000000000000000,1,1,1,6,10,-.2476691946573223E-04,1,2000,-.9700565645748808E-09,1,2000,0.5482196,3.741111
84,1.000000000000000,1,1,1,6,11,-.1696496590983239E-05,1,2000,-.1264543410758142E-09,1,2000,2.223462,0.9403203
85,1.000000000000000,1,1,1,6,12,.4360572838184521E-05,1,2000,.1051912219349533E-11,1,2000,1.356347,0.9569054
86,1.000000000000000,1,1,1,6,13,-.3778575700143820E-06,1,2000,.1395629635519759E-12,1,1155,0.9760919,2.109749
87,1.000000000000000,1,1,1,6,14,-.2538309120303813E-07,1,2000,-.1626197250170677E-12,1,1990,3.393745,0.9096180
88,1.000000000000000,1,1,1,6,15,.3614973829440634E-07,1,2000,-.2960721825242426E-13,1,1992,1.131544,0.3793571E-01
89,1.000000000000000,1,1,1,6,16,-.5618691621457533E-09,1,2000,-.2864355952520660E-13,1,1000,0.3196350,0.1612785E-01
90,1.000000000000000,1,1,1,6,17,.2336642731392635E-08,1,2000,-.8309037185359840E-13,1,1000,-0.1641318,0.1675277
91,1.000000000000000,1,1,1,6,18,-.5092409485133896E-09,1,2000,-.5952407735141568E-13,1,1000,0.1067357E-01,0.1088651
92,1.000000000000000,1,1,1,6,19,.3762810138405324E-08,1,2000,-.1168624098508970E-12,1,1000,2.278187,0.4360580
93,1.000000000000000,1,1,1,6,20,-.8807344371348961E-08,1,2000,.1582458358979054E-13,1,1000,-0.1796146,0.4145468E-02
94,1.000000000000000,1,1,1,6,21,-.1276966412441807E-07,1,2000,.1150652392136285E-12,1,1000,-3.668374,0.8366749
95,1.000000000000000,1,1,1,6,22,.1401153115880599E-07,1,2000,.1200552158532973E-13,1,1000,-0.1105530E-03,0.4728086E-05
96,1.000000000000000,1,1,1,6,23,-.1877649124782047E-10,1,1999,.1200532989085800E-13,1,1000,0.1105591E-04,0.4727966E-05
97,1.000000000000000,1,1,1,7,1,.4036634811356777,1,2000,.6604239489131423E-03,1,1000,1.220773,1.851659
98,1.000000000000000,1,1,1,7,2,.2495527087184002E-01,1,2000,.7250873022504373E-05,1,1000,3.308361,1.310222
99,1.000000000000000,1,1,1,7,3,-.8627342257939956E-02,1,2000,.6500896395637990E-05,1,1000,0.6873532,3.467147
100,1.000000000000000,1,1,1,7,4,.2874293999130477E-01,1,2000,-.5233132464183460E-04,1,1000,28.98063,0.8750356
101,1.000000000000000,1,1,1,7,5,-.2694793372158587E-01,1,2000,.2362672055374078E-06,1,1000,0.3965986,0.9606388
102,1.000000000000000,1,1,1,7,6,.1605450952992955E-02,1,2000,-.6854371244634297E-07,1,1000,0.6072492,1.602879
103,1.000000000000000,1,1,1,7,7,-.2448784343509771E-03,1,2000,-.1540904293013395E-07,1,1000,1.915313,1.990304
104,1.000000000000000,1,1,1,7,8,.4350451592542133E-04,1,2000,.2569869345289072E-08,1,1000,1.883672,1.724165
105,1.000000000000000,1,1,1,7,9,.4566813420235432E-04,1,2000,-.5427404275622969E-09,1,1000,3.809535,0.9496390
106,1.000000000000000,1,1,1,7,10,-.2032198523216660E-04,1,2000,-.1732512874855594E-10,1,1983,0.6524831,2.842283
107,1.000000000000000,1,1,1,7,11,-.7666501238702870E-06,1,2000,-.3661843870016203E-11,1,1990,1.781866,0.9448039
108,1.000000000000000,1,1,1,7,12,.4687252816283301E-06,1,2000,.1969725237719367E-12,1,1980,1.562946,0.9598819
109,1.000000000000000,1,1,1,7,13,-.6167573896629747E-07,1,2000,-.3280525497232458E-13,1,1990,1.132843,0.1189541
110,1.000000000000000,1,1,1,7,14,.2208604879132153E-07,1,2000,-.6103702858908678E-13,1,2000,2.150129,0.1316361
111,1.000000000000000,1,1,1,7,15,-.3711288760708846E-08,1,2000,-.4231412642731778E-13,1,2000,0.9028636E-01,0.6487752E-01
112,1.000000000000000,1,1,1,7,16,.6554874666997710E-08,1,2000,-.9941891372476668E-13,1,2000,-9.397270,0.7553640
113,1.000000000000000,1,1,1,7,17,-.1132173233359025E-07,1,2000,-.2741893458204097E-13,1,2000,0.6196968E-02,0.2524649E-01
114,1.000000000000000,1,1,1,7,18,-.2211888694949237E-08,1,2000,-.3116036294743744E-13,1,1000,-0.1423411,0.6081612E-02
115,1.000000000000000,1,1,1,7,19,-.2370362825727669E-08,1,2000,-.3500648912852360E-13,1,1000,0.4692328E-01,0.2791649E-03
116,1.000000000000000,1,1,1,7,20,-.4211652349222828E-09,1,2000,-.5525176338383649E-13,1,1000,0.2671508E-03,0.7770095E-03
117,1.000000000000000,1,1,1,7,21,.4348436044298396E-09,1,2000,-.5419638937421174E-13,1,1000,0.6466073E-02,0.2678283E-03
118,1.000000000000000,1,1,1,7,22,-.3128499981681477E-08,1,2000,-.1172767984764827E-12,1,1000,0.1993661E-03,0.1507930E-01
119,1.000000000000000,1,1,1,7,23,.3209593266316952E-08,1,2000,-.1094681206580004E-12,1,1000,0.1047603E-02,0.2203596E-03
120,1.000000000000000,1,1,1,7,24,-.9476797078763765E-09,1,2000,-.1135445159067297E-12,1,1000,0.2174694E-03,0.1776451E-02
121,1.000000000000000,1,1,1,7,25,.8796158145785251E-09,1,2000,-.1097231812620677E-12,1,1000,0.1524640E-01,0.2470993E-03
122,1.000000000000000,1,1,1,7,26,.1189137798617008E-08,1,2000,-.7778770433432819E-13,1,1000,0.2185270E-03,0.1334833E-02
123,1.000000000000000,1,1,1,7,27,-.1141711319229263E-08,1,2000,-.8254820877536416E-13,1,1000,0.2013474E-02,0.2203285E-03
124,1.000000000000000,1,1,1,7,28,-.9650850223894103E-08,1,2000,-.1350214459361021E-12,1,1000,0.1890969E-03,0.1580207
125,1.000000000000000,1,1,1,7,29,.9756011050145598E-08,1,2000,-.9346816064653358E-13,1,1000,0.1555749E-02,0.1345363E-03
126,1.000000000000000,1,1,1,7,30,.9419397253200259E-10,1,2000,-.8262231501355436E-13,1,1000,0.1343992E-03,0.1246720E-03
127,1.000000000000000,1,1,1,7,31,.1861865674617957E-10,1,2000,-.8506159245391557E-13,1,1000,-0.3081863E-01,0.1325258E-03
128,1.000000000000000,1,1,1,7,32,.4553555330045590E-08,1,2000,-.1107657289175301E-12,1,1000,0.5492960E-03,1.021115
129,1.000000000000000,1,1,1,7,33,-.4445126989501156E-08,1,2000,.1845739245560741E-14,1,1000,-0.1651357E-03,0.5000089E-05
130,1.000000000000000,1,1,1,7,34,.6573797092640545E-12,1,2000,.3197372280937698E-13,1,2000,0.5000076E-05,0.4908513E-05
131,1.000000000000000,1,1,1,8,1,1.066331315841699,1,2000,.1206740965280458E-01,1,1000,1.500914,1.391939
132,1.000000000000000,1,1,1,8,2,2.956361457381787,1,2000,.2676410289443060E-03,1,1000,9.757807,1.050458
133,1.000000000000000,1,1,1,8,3,-.2714918683842322,1,2000,.9934836835430211E-04,1,1000,2.935648,1.248142
134,1.000000000000000,1,1,1,8,4,-.4854679294886772,1,2000,-.1367231645773828E-03,1,1000,0.3217465,4.895756
135,1.000000000000000,1,1,1,8,5,-.1640226917516376E-01,1,2000,-.4091703065450694E-04,1,1000,-4.440764,1.151953
136,1.000000000000000,1,1,1,8,6,-.2046259335299581E-01,1,2000,.6994607242770480E-05,1,1000,-5.401186,1.322612
137,1.000000000000000,1,1,1,8,7,.2229849649802759E-02,1,2000,.5272059459849020E-05,1,1000,0.6882864,-0.8710836
138,1.000000000000000,1,1,1,8,8,-.3973710186742899,1,2000,-.1706495382132214E-05,1,1000,1.077174,13.50189
139,1.000000000000000,1,1,1,8,9,.2022797268332494E-01,1,2000,.7597955934768604E-05,1,1000,-1.274634,1.626049
140,1.000000000000000,1,1,1,8,10,.3064514386639104,1,2000,-.1542904826320181E-05,1,1000,-72.42361,0.8806761
141,1.000000000000000,1,1,1,8,11,-.5831888027554568,1,2000,-.3178346337694925E-06,1,1000,-1.120855,1.176205
142,1.000000000000000,1,1,1,8,12,.9431791738380511E-01,1,2000,.6914650796367569E-06,1,1000,-0.9697922,2.167144
143,1.000000000000000,1,1,1,8,13,.1308869822892740,1,2000,.1104525565514680E-06,1,1249,5.074082,1.110216
144,1.000000000000000,1,1,1,8,14,.2493855161096779,1,2000,-.9224506790638825E-07,1,1249,6.777112,1.091823
145,1.000000000000000,1,1,1,8,15,-.8821389231700857E-01,1,2000,-.2373011290550806E-07,1,1249,0.4281135,3.879496
146,1.000000000000000,1,1,1,8,16,-.2260735874025336E-01,1,2000,-.9221703442136498E-09,1,1957,-0.9388990,0.9373822
147,1.000000000000000,1,1,1,8,17,.4806411118648507E-03,1,2000,-.1353519021650409E-09,1,1245,0.6054062,1.160535
148,1.000000000000000,1,1,1,8,18,-.1250603602378953E-03,1,2000,.3257262935412217E-10,1,1952,1.543305,1.808279
149,1.000000000000000,1,1,1,8,19,.2453111358941775E-03,1,2000,-.1526496733097316E-09,1,1249,22.56072,0.9778648
150,1.000000000000000,1,1,1,8,20,-.2026664711558106E-03,1,2000,-.4582029097622539E-12,1,1235,0.1302822,1.326426
151,1.000000000000000,1,1,1,8,21,-.1563821864687198E-06,1,2000,-.3091621747050205E-12,1,1247,0.6015790,2.464568
152,1.000000000000000,1,1,1,8,22,-.2555594344363630E-06,1,2000,.6527496045766304E-13,1,1957,5.487850,0.3980238
153,1.000000000000000,1,1,1,8,23,.7384988811657972E-08,1,2000,-.5922954760667011E-13,1,1957,1.713781,0.2217823
154,1.000000000000000,1,1,1,8,24,.1090389522424395E-07,1,2000,-.1206800305543122E-13,1,1000,0.7816175,0.2825850E-02
155,1.000000000000000,1,1,1,8,25,.3029835635736059E-10,1,2000,-.1166983416139612E-13,1,1000,0.7602195E-02,0.2904053E-02
156,1.000000000000000,1,1,1,8,26,-.4034794655743838E-09,1,2000,.3190117639930334E-13,1,2000,0.2703698E-02,0.1980135E-02
157,1.000000000000000,1,1,1,8,27,.8511561800668629E-09,1,2000,.3222157622997162E-13,1,2000,0.8451182E-01,0.4259272E-02
158,1.000000000000000,1,1,1,8,28,.4991067294119209E-08,1,2000,.1017746434544944E-12,1,1000,0.1340454E-02,0.8725700E-01
159,1.000000000000000,1,1,1,8,29,-.5437696915230823E-08,1,2000,.4660036375536662E-13,1,1000,0.6135845E-02,0.2527400E-02
160,1.000000000000000,1,1,1,8,30,.9417028585982917E-10,1,2000,.3329807423727891E-13,1,2000,0.2583024E-02,0.2823622E-02
161,1.000000000000000,1,1,1,8,31,-.2506102103079251E-10,1,2000,.3169916118595635E-13,1,2000,0.4517844E-01,0.2671748E-02
162,1.000000000000000,1,1,1,8,32,-.1482988797291439E-08,1,2000,-.9411695386302849E-13,1,2000,0.1992643E-02,0.1344377E-01
163,1.000000000000000,1,1,1,8,33,.1370893101871511E-08,1,2000,.2300681500592156E-13,1,1000,0.6274717E-02,0.2220431E-02
164,1.000000000000000,1,1,1,8,34,-.1102078600033495E-09,1,2000,.2178428155881908E-13,1,1000,0.1704899E-02,0.1815368E-02
165,1.000000000000000,1,1,1,8,35,.1934258692531556E-09,1,2000,.2974183774962340E-13,1,1000,0.1749378E-01,0.2766512E-02
166,1.000000000000000,1,1,1,8,36,.1168971969438101E-09,1,2000,.4244711650335923E-13,1,2000,0.1157082E-02,0.3746730E-02
167,1.000000000000000,1,1,1,8,37,-.1064893277840743E-09,1,2000,.3470545695914852E-13,1,2000,0.4331752E-02,0.2860225E-02
168,1.000000000000000,1,1,1,8,38,-.2012559072553177E-08,1,2000,-.1319513105345392E-12,1,2000,0.1620580E-02,0.2536597E-01
169,1.000000000000000,1,1,1,8,39,.1990995955028641E-08,1,2000,.2683180750115012E-13,1,1000,0.6624562E-02,0.2987211E-02
170,1.000000000000000,1,1,1,8,40,.1101728474911297E-09,1,2000,.4128331250773058E-13,1,2000,0.2506844E-02,0.3935293E-02
171,1.000000000000000,1,1,1,8,41,-.2268370346785535E-09,1,2000,.2612557769569620E-13,1,2000,0.3008027E-01,0.2217024E-02
172,1.000000000000000,1,1,1,8,42,-.8700131601416974E-08,1,2000,-.3271342349457517E-12,1,2000,0.1434235E-02,0.2424687
173,1.000000000000000,1,1,1,8,43,.8432447608600676E-08,1,2000,.7452239503501449E-14,1,2000,0.6105520E-02,0.1451065E-02
174,1.000000000000000,1,1,1,8,44,.1294356546917181E-09,1,2000,.2869499892242044E-13,1,1000,0.1439818E-02,0.1885435E-02
175,1.000000000000000,1,1,1,8,45,-.2925567607099959E-09,1,2000,-.2004635014691160E-13,1,2000,0.1978011,0.8475527E-03
176,1.000000000000000,1,1,1,8,46,-.2149651725804322E-07,1,2000,-.2740117253819613E-12,1,1000,0.8447102E-03,0.5579226
177,1.000000000000000,1,1,1,8,47,.2101956008029202E-07,1,2000,.1113303719793826E-13,1,1000,0.2082888E-02,0.1416416E-03
178,1.000000000000000,1,1,1,8,48,.1364656528380224E-09,1,2000,.5408048025938004E-14,1,2000,0.1416470E-03,0.2186799E-03
179,1.000000000000000,1,1,1,8,49,-.1137228561926402E-11,1,2000,.5393779674626267E-14,1,2000,0.2477581E-02,0.2175107E-03
180,1.000000000000000,1,1,1,9,1,.5787510948791479E-01,1,2000,.8240227489154060E-04,1,1000,1.002748,1.420837
181,1.000000000000000,1,1,1,9,2,-.1112690732041863E-02,1,2000,-.1732970813965443E-05,1,1000,2.025859,0.8490454
182,1.000000000000000,1,1,1,9,3,.2290536445428834E-03,1,2000,.1239158414520990E-06,1,1000,0.7760395,1.494170
183,1.000000000000000,1,1,1,9,4,-.1826201628604517E-04,1,2000,-.2764229020002082E-08,1,1000,1.598251,1.097607
184,1.000000000000000,1,1,1,9,5,.7386049655676481E-07,1,2000,.1062651105119640E-08,1,1000,8.847365,0.9494786
185,1.000000000000000,1,1,1,9,6,-.4690243448601652E-07,1,2000,-.1164475209341084E-10,1,1000,0.1583843,1.896268
186,1.000000000000000,1,1,1,9,7,.1748805298060045E-08,1,2000,.1557089234986404E-11,1,1000,-0.6792826,1.078631
187,1.000000000000000,1,1,1,9,8,.1390804993856951E-09,1,2000,-.9572738583751504E-13,1,1000,-3.556355,0.5129317
188,1.000000000000000,1,1,1,9,9,.4174876377703927E-10,1,2000,.6999101557170108E-13,1,1000,1.467938,0.3736479E-01
189,1.000000000000000,1,1,1,9,10,-.8112979466125212E-13,1,2000,.6257540516827308E-13,1,1000,0.1542585E-01,0.3468317E-01
190,1.000000000000000,1,1,1,10,1,.2459514296778670,1,2000,-.1657240590253398E-03,1,1000,1.025991,2.277545
191,1.000000000000000,1,1,1,10,2,-.2303093934514953E-01,1,2000,-.8391407673033686E-06,1,1000,2.964981,1.027408
192,1.000000000000000,1,1,1,10,3,.4965571836771736E-02,1,2000,.1157848521882381E-06,1,1000,0.3512738,1.218293
193,1.000000000000000,1,1,1,10,4,.8766936604714745E-03,1,2000,-.3113029910172919E-08,1,1000,6.193947,1.626638
194,1.000000000000000,1,1,1,10,5,-.1049623993530686E-05,1,2000,.7656547473737626E-09,1,1457,1.686966,1.790792
195,1.000000000000000,1,1,1,10,6,-.2173000246746345E-04,1,2000,.1550281303069414E-08,1,1371,10.39979,0.8910360
196,1.000000000000000,1,1,1,10,7,.2697947060107279E-04,1,2000,-.1125127183874550E-09,1,1985,0.4388201,1.273180
197,1.000000000000000,1,1,1,10,8,-.8159368912883748E-05,1,2000,-.1908988556352544E-09,1,1987,-4.626626,1.051079
198,1.000000000000000,1,1,1,10,9,.6194369608588839E-05,1,2000,-.3464671946748453E-11,1,1987,-0.2401106,1.295706
199,1.000000000000000,1,1,1,10,10,.1126878268256417E-06,1,2000,-.5689779987666434E-12,1,1987,1.433832,2.161008
200,1.000000000000000,1,1,1,10,11,.2834147486529784E-09,1,2000,.5364012289667759E-12,1,1985,-4.706873,0.9816568
201,1.000000000000000,1,1,1,10,12,.2381298925260617E-07,1,2000,-.4486642831646545E-13,1,1000,-0.4610604,0.2833383E-01
202,1.000000000000000,1,1,1,10,13,.2224316422540061E-08,1,2000,-.4208094454166916E-14,1,1985,1.077948,0.7837807E-03
203,1.000000000000000,1,1,1,10,14,-.6190053088787161E-10,1,2000,-.3573876677814061E-13,1,2000,0.7522801E-03,0.6948596E-03
204,1.000000000000000,1,1,1,10,15,.8761947425192388E-10,1,2000,-.3424885959079576E-13,1,2000,0.3034346E-01,0.8077380E-03
205,1.000000000000000,1,1,1,10,16,-.4504880437667586E-09,1,2000,-.4293937955809401E-13,1,2000,0.3748302E-03,0.1384949E-02
206,1.000000000000000,1,1,1,10,17,.4534586652733995E-09,1,2000,-.3532004560023704E-13,1,2000,0.1494918E-02,0.8104001E-03
207,1.000000000000000,1,1,1,10,18,.1222935645555880E-08,1,2000,.7253826492037019E-13,1,1000,0.5106147E-03,0.1414043E-01
208,1.000000000000000,1,1,1,10,19,-.1239583393535431E-08,1,2000,.5222911516996361E-13,1,1000,0.2197975E-02,0.7646648E-03
209,1.000000000000000,1,1,1,10,20,-.2304113358476032E-09,1,2000,-.3930361536994579E-13,1,2000,0.7248796E-03,0.7273705E-03
210,1.000000000000000,1,1,1,10,21,.2311600164352012E-09,1,2000,-.3481567266785852E-13,1,2000,0.1496094E-01,0.7524016E-03
211,1.000000000000000,1,1,1,10,22,.3143849544770591E-08,1,2000,.4505750713822893E-13,1,1000,0.3701296E-03,0.8765171E-01
212,1.000000000000000,1,1,1,10,23,-.3190314143278006E-08,1,2000,-.3252461373221976E-13,1,2000,0.1478412E-02,0.6040219E-03
213,1.000000000000000,1,1,1,10,24,-.1013330953408182E-10,1,2000,-.3567088991860707E-13,1,2000,0.5959975E-03,0.5894821E-03
214,1.000000000000000,1,1,1,11,1,.2821654873804827,1,2000,-.3141691989825733E-03,1,2000,1.040239,2.125339
215,1.000000000000000,1,1,1,11,2,-.1084361077723268E-01,1,2000,-.7537406052082488E-07,1,1225,3.317915,1.057302
216,1.000000000000000,1,1,1,11,3,.3930934646136438E-02,1,2000,-.9327833774248452E-07,1,2000,1.665502,1.132458
217,1.000000000000000,1,1,1,11,4,.1644164456569071E-03,1,2000,-.1186209627020449E-06,1,2000,-2.698858,0.6649183
218,1.000000000000000,1,1,1,11,5,-.3834151025889223E-03,1,2000,-.8633682429102172E-08,1,2000,-0.5366119,2.781377
219,1.000000000000000,1,1,1,11,6,-.5908074083051103E-04,1,2000,.1790743130941586E-09,1,1281,2.507432,0.9969505
220,1.000000000000000,1,1,1,11,7,-.1921744932181753E-05,1,2000,-.9327829605259065E-09,1,1119,6.735565,0.9225547
221,1.000000000000000,1,1,1,11,8,.7199749442254166E-05,1,2000,-.4295980029676935E-10,1,1265,0.3846637,3.065605
222,1.000000000000000,1,1,1,11,9,.6411521203383531E-06,1,2000,.2696182161192680E-10,1,1987,3.510797,1.242627
223,1.000000000000000,1,1,1,11,10,-.1691306582660760E-05,1,2000,-.9904394532064480E-12,1,1279,0.5110462,1.360208
224,1.000000000000000,1,1,1,11,11,.1997070805321411E-07,1,2000,.1594048475249347E-12,1,1291,1.404310,1.269601
225,1.000000000000000,1,1,1,11,12,-.2866996057928552E-08,1,2000,.6109666656995451E-13,1,1281,0.8239984,0.5201384
226,1.000000000000000,1,1,1,11,13,.3100243893773715E-10,1,2000,.6733283032681536E-13,1,1281,-1.059880,0.6798951
227,1.000000000000000,1,1,1,11,14,.5201804717599424E-09,1,2000,.5851916070312560E-13,1,1000,-2.366439,0.5159383E-02
228,1.000000000000000,1,1,1,11,15,.2249143080822360E-11,1,2000,.5780869903681480E-13,1,1000,0.7327182E-02,0.5074250E-02
229,1.000000000000000,1,1,1,12,1,.2564919132571078,1,2000,-.2693126584350133E-03,1,2000,1.039612,1.987802
230,1.000000000000000,1,1,1,12,2,-.5979124915088035E-02,1,2000,-.8307264705498311E-07,1,2000,3.075117,1.008294
231,1.000000000000000,1,1,1,12,3,.2667179374260169E-02,1,2000,-.1150030751334458E-07,1,1159,1.621300,1.016839
232,1.000000000000000,1,1,1,12,4,-.3281755982349551E-03,1,2000,.2842677341309880E-08,1,1159,0.8065479,2.008741
233,1.000000000000000,1,1,1,12,5,.7718224133586660E-04,1,2000,-.4104200250580503E-09,1,1233,0.9685279,1.438632
234,1.000000000000000,1,1,1,12,6,-.7788804388764130E-06,1,2000,.7019040645418374E-10,1,1273,5.277887,0.9007833
235,1.000000000000000,1,1,1,12,7,-.6831796789893138E-05,1,2000,.7817820198161193E-10,1,1985,4.677532,1.142690
236,1.000000000000000,1,1,1,12,8,.2930449905339234E-05,1,2000,-.1249506905028103E-11,1,1985,0.2839931,1.510125
237,1.000000000000000,1,1,1,12,9,.3383616075651102E-08,1,2000,-.2047709177838996E-12,1,1985,1.487279,1.222397
238,1.000000000000000,1,1,1,12,10,-.2023881878320805E-07,1,2000,.4172685173537965E-13,1,1265,1.260600,0.4838179
239,1.000000000000000,1,1,1,12,11,.1802936010301888E-08,1,2000,-.2236954219447862E-13,1,1305,0.7183095,0.1250849
240,1.000000000000000,1,1,1,12,12,.8907687268140606E-09,1,2000,-.6187749673245520E-13,1,1000,2.267442,0.1561295E-01
241,1.000000000000000,1,1,1,12,13,-.7152061611667494E-09,1,2000,.3025248922808425E-13,1,1000,0.2865229E-01,0.7448384E-01
242,1.000000000000000,1,1,1,12,14,.1780828273573637E-09,1,2000,-.2964007209664979E-13,1,2000,0.1202218E-01,0.3868760E-01
243,1.000000000000000,1,1,1,12,15,-.1466998046689565E-09,1,2000,-.2751761527393589E-13,1,2000,0.9867123E-01,0.6690705E-01
244,1.000000000000000,1,1,1,12,16,.8160663445302426E-11,1,2000,.1637705527177016E-13,1,1049,0.2709540E-01,0.6579328E-01
245,1.000000000000000,1,1,1,12,17,.3140094228867107E-10,1,2000,.1571968054901389E-13,1,1049,0.3107498E-01,0.5915718E-01
246,1.000000000000000,1,1,1,12,18,.2839944465657181E-10,1,2000,.2007373393821358E-13,1,1000,0.1578652E-01,0.5329461E-01
247,1.000000000000000,1,1,1,12,19,-.4256434986878392E-10,1,2000,.1866035290132067E-13,1,1000,0.3693282,0.6244645E-01
248,1.000000000000000,1,1,1,12,20,.1261385552725312E-09,1,2000,-.3257356126215448E-13,1,1000,0.2687390E-01,0.3762180E-01
249,1.000000000000000,1,1,1,12,21,-.1273733181942413E-09,1,2000,-.2802358362063587E-13,1,1000,0.1388468,0.6224096E-01
250,1.000000000000000,1,1,1,12,22,-.6269939123246478E-10,1,2000,-.2866852994087730E-13,1,2000,0.2351438E-01,0.7928292E-01
251,1.000000000000000,1,1,1,12,23,.1179280422169186E-09,1,2000,-.2639457634661127E-13,1,2000,0.8481272E-01,0.5190256E-01
252,1.000000000000000,1,1,1,12,24,.6631050189696533E-10,1,2000,-.3067265511634995E-13,1,2000,0.2961708E-01,0.3899718E-01
253,1.000000000000000,1,1,1,12,25,-.6112949777713400E-10,1,2000,-.2577260848197248E-13,1,2000,0.2064312,0.4970211E-01
254,1.000000000000000,1,1,1,12,26,-.7815311525261493E-10,1,2000,-.2550009827616774E-13,1,2000,0.2413261E-01,0.6711414E-01
255,1.000000000000000,1,1,1,12,27,.8445122460123674E-10,1,2000,-.2534270288053971E-13,1,2000,0.6630450E-01,0.4892660E-01
256,1.000000000000000,1,1,1,12,28,.1638790167046948E-09,1,2000,-.3412767076918553E-13,1,2000,0.2651525E-01,0.2254929E-01
257,1.000000000000000,1,1,1,12,29,-.1982770975731016E-09,1,2000,-.2582356379846154E-13,1,2000,0.1340761,0.5389221E-01
258,1.000000000000000,1,1,1,12,30,.1060711293285965E-10,1,2000,.1476071350256425E-13,1,1049,0.1988884E-01,0.5186418E-01
259,1.000000000000000,1,1,1,12,31,.1157867771625693E-10,1,2000,.1450336156427595E-13,1,1049,-0.8745504E-02,0.4957606E-01
260,1.000000000000000,1,1,1,12,32,.2050385269242095E-09,1,2000,-.5531347577667135E-13,1,2000,0.2538821E-01,0.1812387E-01
261,1.000000000000000,1,1,1,12,33,-.2173607335834928E-09,1,2000,-.5257303437694010E-13,1,2000,0.1139343,0.5000529E-01
262,1.000000000000000,1,1,1,12,34,-.1062204003612900E-10,1,2000,-.3087269451140925E-13,1,2000,0.2194002E-01,0.5239558E-01
263,1.000000000000000,1,1,1,12,35,.6983275866463701E-10,1,2000,.2081681293089477E-13,1,2000,1.399840,0.4416820E-01
264,1.000000000000000,1,1,1,12,36,.1805165517281647E-08,1,2000,.1521748321498597E-11,1,2000,0.5765659E-01,0.1953368
265,1.000000000000000,1,1,1,12,37,-.2761383563786927E-09,1,2000,.1257069064911384E-11,1,2000,-0.2015962E-01,0.1374561
266,1.000000000000000,1,1,1,12,38,-.1332292606574291E-08,1,2000,.1396627007002366E-12,1,2000,0.2828138,0.2259085E-01
267,1.000000000000000,1,1,1,12,39,-.3543351037178220E-09,1,2000,-.2050196055784774E-12,1,2000,0.1794224,0.5526313E-01
268,1.000000000000000,1,1,1,12,40,.2666252030922634E-09,1,2000,.1484525873816903E-13,1,2000,0.1571572E-01,0.2668814E-01
269,1.000000000000000,1,1,1,12,41,-.3679308900292243E-09,1,2000,-.3475133144470240E-12,1,2000,0.8737047E-01,0.6735360E-01
270,1.000000000000000,1,1,1,12,42,.3137856556473678E-09,1,2000,-.4923846212321843E-13,1,2000,0.1788806E-01,0.2919636E-01
271,1.000000000000000,1,1,1,12,43,-.3161764113569613E-09,1,2000,-.3667877310525540E-12,1,2000,0.9166922E-01,0.6562799E-01
272,1.000000000000000,1,1,1,12,44,-.1044995954282932E-09,1,2000,-.4851333603047528E-12,1,2000,0.1831830E-01,0.8422794E-01
273,1.000000000000000,1,1,1,12,45,.2725171004193342E-09,1,2000,-.2271255682912041E-12,1,2000,0.9750647E-01,0.4252762E-01
274,1.000000000000000,1,1,1,12,46,.2112653060767681E-10,1,2000,-.1884885037485976E-12,1,2000,0.1425321E-01,0.3954236E-01
275,1.000000000000000,1,1,1,12,47,-.1809246320791497E-10,1,2000,-.2235691384622400E-12,1,2000,0.4173018,0.3979550E-01
276,1.000000000000000,1,1,1,13,1,.5828462086991908,1,2000,-.1641742244747039E-02,1,2000,1.207693,2.213796
277,1.000000000000000,1,1,1,13,2,.2915407508286436,1,2000,.1046020732525655E-03,1,2000,4.970326,0.8077922
278,1.000000000000000,1,1,1,13,3,-.3414830680378244E-01,1,2000,.7168518242302760E-04,1,2000,1.137786,2.000916
279,1.000000000000000,1,1,1,13,4,-.1008885365391011E-01,1,2000,-.3390078215302846E-05,1,2000,1.922529,1.428838
280,1.000000000000000,1,1,1,13,5,.3826672530388966E-02,1,2000,.6789839382796853E-07,1,2000,1.497661,1.308874
281,1.000000000000000,1,1,1,13,6,.1886607621891452E-02,1,2000,-.2785707751749515E-08,1,2000,2.972285,1.038304
282,1.000000000000000,1,1,1,13,7,-.1703642441091037E-02,1,2000,-.3438680046059449E-08,1,1986,-15.25008,0.9280579
283,1.000000000000000,1,1,1,13,8,.2452844185537292E-02,1,2000,-.1874531272340596E-09,1,1987,-0.1102559,2.456825
284,1.000000000000000,1,1,1,13,9,.2129271397920865E-03,1,2000,-.5739445757278035E-10,1,1989,0.9603334,2.385009
285,1.000000000000000,1,1,1,13,10,.3514282168940664E-04,1,2000,-.6070051132311432E-10,1,2000,-1.390273,1.993283
286,1.000000000000000,1,1,1,13,11,.1178380834439277E-04,1,2000,-.4696429073320341E-10,1,1987,-1.922741,1.079288
287,1.000000000000000,1,1,1,13,12,.1075920051645441E-04,1,2000,-.3815827830382529E-10,1,1989,-2.364353,1.475218
288,1.000000000000000,1,1,1,13,13,.7210608230527870E-04,1,2000,-.6513715692963411E-12,1,1988,-3.004128,0.9404643
289,1.000000000000000,1,1,1,13,14,.3269277733581357E-07,1,2000,-.2304921735698943E-12,1,1984,0.6806219,1.297832
290,1.000000000000000,1,1,1,13,15,.4468092123899423E-06,1,2000,-.5902856954787044E-13,1,1990,2.592041,0.1525616
291,1.000000000000000,1,1,1,13,16,.6466491053069237E-07,1,2000,.7112575503931338E-14,1,1987,0.9169165,0.2057156E-02
292,1.000000000000000,1,1,1,13,17,-.6721742221679802E-12,1,2000,.7098678822417130E-14,1,1987,0.1598039E-03,0.2048388E-02
293,1.000000000000000,1,1,1,14,1,.4678839613201405,1,2000,-.6852970206920547E-03,1,2000,1.103261,2.398609
294,1.000000000000000,1,1,1,14,2,.3351797137128543,1,2000,.4401402282198547E-04,1,2000,4.389117,0.8011021
295,1.000000000000000,1,1,1,14,3,.2714033484468377E-01,1,2000,.1312628193784038E-04,1,2000,0.9772575,1.842461
296,1.000000000000000,1,1,1,14,4,.3652238534885273E-01,1,2000,-.1918649432373446E-06,1,2000,1.414025,1.129923
297,1.000000000000000,1,1,1,14,5,.4606931925259882E-01,1,2000,.4504013081706989E-06,1,2000,0.7524442,4.700975
298,1.000000000000000,1,1,1,14,6,-.9156772395681988E-02,1,2000,.7546134287139517E-06,1,2000,-30.63116,0.9032588
299,1.000000000000000,1,1,1,14,7,.9773554116019736E-02,1,2000,.3743486229137499E-07,1,2000,-0.6717358,0.9495351
300,1.000000000000000,1,1,1,14,8,.1786684928658658E-01,1,2000,-.7069501919113748E-09,1,1991,0.9449071,1.512844
301,1.000000000000000,1,1,1,14,9,.4460613663554176E-03,1,2000,-.6658018024304900E-09,1,1994,-0.7462154,1.514518
302,1.000000000000000,1,1,1,14,10,.2003637967308248E-02,1,2000,-.2440842185460003E-09,1,1991,-4.243197,1.871470
303,1.000000000000000,1,1,1,14,11,.1017726892484680E-03,1,2000,-.1729589427174435E-09,1,1986,-0.5950898,1.528395
304,1.000000000000000,1,1,1,14,12,.9538881198703802E-03,1,2000,.8867224877150019E-10,1,1991,-8.965487,1.814229
305,1.000000000000000,1,1,1,14,13,.8478372127321161E-04,1,2000,.1008191473403654E-09,1,1988,-1.677106,1.348467
306,1.000000000000000,1,1,1,14,14,-.3823562217000623E-03,1,2000,-.6933053166259447E-12,1,1994,-1.066415,1.043075
307,1.000000000000000,1,1,1,14,15,.2380189512017251E-05,1,2000,-.4692157537365314E-13,1,1177,1.170022,0.4683603
308,1.000000000000000,1,1,1,14,16,-.4998794028612959E-07,1,2000,-.3239926661622459E-13,1,1171,0.6946728,0.1290405
309,1.000000000000000,1,1,1,14,17,.3482640690386649E-06,1,2000,.1189870790853017E-12,1,1165,17.57091,1.153394
310,1.000000000000000,1,1,1,14,18,-.2435688537022213E-06,1,2000,-.4109338413526124E-13,1,1000,0.1207750,0.2846706E-01
311,1.000000000000000,1,1,1,14,19,-.3774473655853627E-07,1,2000,-.3459495067585146E-13,1,1000,0.1783231,0.9503306E-04
312,1.000000000000000,1,1,1,14,20,.6058543964058165E-08,1,2000,-.3766079340256015E-13,1,1000,0.9484272E-04,0.4151046E-03
313,1.000000000000000,1,1,1,14,21,-.6266213927297120E-08,1,2000,-.3558893489795771E-13,1,1000,0.2650086E-01,0.1155966E-03
314,1.000000000000000,1,1,1,14,22,.1047068419475737E-06,1,2000,.4256948325353870E-13,1,1165,0.9952329E-04,0.2116507
315,1.000000000000000,1,1,1,14,23,-.1052806031630362E-06,1,2000,-.1384852676567459E-13,1,2000,0.5210893E-03,0.1371193E-03
316,1.000000000000000,1,1,1,14,24,-.7606272697082492E-09,1,2000,-.4598371674718215E-13,1,2000,0.1369605E-03,0.2194359E-03
317,1.000000000000000,1,1,1,14,25,-.1297895526094741E-09,1,2000,-.4688120703590758E-13,1,2000,-0.1985258E-01,0.2403569E-03
318,1.000000000000000,1,1,1,15,1,.6944793374395526E-01,1,2000,-.1262174165249781E-05,1,2000,1.002210,1.421815
319,1.000000000000000,1,1,1,15,2,.4075265032576373E-01,1,2000,.4304693530737873E-07,1,2000,3.184269,0.8545120
320,1.000000000000000,1,1,1,15,3,-.3699767947517483E-02,1,2000,.9112209852163187E-08,1,2000,0.6599007,1.465887
321,1.000000000000000,1,1,1,15,4,.6605918513656513E-02,1,2000,.4090832726397929E-08,1,2000,2.657602,1.166003
322,1.000000000000000,1,1,1,15,5,.1746076157818500E-02,1,2000,-.3555562844733581E-08,1,1193,-4.526236,1.043964
323,1.000000000000000,1,1,1,15,6,.4111329767258380E-03,1,2000,-.3078602756482585E-08,1,1161,-0.7049838E-01,1.323977
324,1.000000000000000,1,1,1,15,7,-.9962970969759708E-03,1,2000,-.1001009914041763E-08,1,1197,13.03194,1.970192
325,1.000000000000000,1,1,1,15,8,-.1389186386686875E-02,1,2000,-.2405599767239412E-08,1,1185,-9.972004,1.565454
326,1.000000000000000,1,1,1,15,9,.3034365236254888E-02,1,2000,-.1288280086032588E-09,1,1227,-1.061507,1.359252
327,1.000000000000000,1,1,1,15,10,-.3075950653185984E-04,1,2000,-.1285680310728564E-09,1,1169,0.7788251,1.495941
328,1.000000000000000,1,1,1,15,11,.1293662135595506E-03,1,2000,-.6782663291570462E-11,1,1209,2.311725,1.505217
329,1.000000000000000,1,1,1,15,12,.9409885845695293E-05,1,2000,-.1643706059202008E-11,1,1151,2.827991,1.244674
330,1.000000000000000,1,1,1,15,13,.2471166870220253E-05,1,2000,.2424596664879536E-11,1,1179,1.370443,1.440629
331,1.000000000000000,1,1,1,15,14,-.2335416686910530E-05,1,2000,.1029095370326051E-12,1,1183,1.115028,0.5122331
332,1.000000000000000,1,1,1,15,15,-.1156921102565095E-06,1,2000,.1495143385662493E-13,1,1995,0.7516907,0.1072710E-01
333,1.000000000000000,1,1,1,15,16,-.9753442457874544E-10,1,2000,.1469466457122295E-13,1,1995,0.2038446E-01,0.1030143E-01
334,1.000000000000000,1,1,1,16,1,.1921146198558454E-02,1,2000,-.7964777401300246E-08,1,2000,1.003713,1.052213
335,1.000000000000000,1,1,1,16,2,.1444119312854635E-02,1,2000,.4330293635213498E-09,1,2000,0.7849543,1.271333
336,1.000000000000000,1,1,1,16,3,.1174923958315284E-03,1,2000,-.2496729012122461E-09,1,2000,1.401842,1.427861
337,1.000000000000000,1,1,1,16,4,-.6524250838888466E-04,1,2000,.2923230337396654E-09,1,2000,0.3531371,2.792741
338,1.000000000000000,1,1,1,16,5,-.2507437929435755E-04,1,2000,.1650067145014423E-09,1,1219,38.50054,0.9724748
339,1.000000000000000,1,1,1,16,6,.2141621771568576E-04,1,2000,.1632860461499121E-09,1,1101,0.3735918,1.376270
340,1.000000000000000,1,1,1,16,7,.6317246075074185E-05,1,2000,-.6544183882523686E-10,1,1187,5.207949,1.326181
341,1.000000000000000,1,1,1,16,8,.1182975817182194E-05,1,2000,-.1011642628593647E-09,1,1173,-2.274967,1.334260
342,1.000000000000000,1,1,1,16,9,-.4890875733491294E-05,1,2000,-.7404460908579108E-11,1,1173,-1.318208,1.403059
343,1.000000000000000,1,1,1,16,10,-.7917628056530593E-06,1,2000,.2034295061829946E-11,1,1217,1.199843,2.162050
344,1.000000000000000,1,1,1,16,11,-.1505291539725353E-06,1,2000,.1397630029991958E-11,1,1175,0.3899662,1.785208
345,1.000000000000000,1,1,1,16,12,-.1982123847953494E-06,1,2000,.6146478208887890E-12,1,1175,8.966615,1.757135
346,1.000000000000000,1,1,1,16,13,-.1623297285080594E-06,1,2000,.1396688365052477E-12,1,1181,2.113844,1.085627
347,1.000000000000000,1,1,1,16,14,-.2227500200940028E-06,1,2000,-.1194149740335627E-11,1,1173,29.56788,1.322656
348,1.000000000000000,1,1,1,16,15,-.1829706182171226E-05,1,2000,-.1000486927726833E-10,1,1145,2.709194,1.429406
349,1.000000000000000,1,1,1,16,16,.2021237083356858E-05,1,2000,.2439919109397368E-13,1,1000,0.3145819E-01,0.2818779E-02
350,1.000000000000000,1,1,1,16,17,.2982035387053006E-11,1,2000,.2451408900336147E-13,1,1000,-0.7562112E-02,0.2825834E-02
351,1.000000000000000,1,1,1,17,1,-.3992643528102678E-04,1,2000,.7626417300944139E-09,1,1991,0.9993700,0.9453448
352,1.000000000000000,1,1,1,17,2,.2885892940840997E-03,1,2000,.6700945919809358E-09,1,1995,-1.852301,1.040196
353,1.000000000000000,1,1,1,17,3,-.1714725941814984E-02,1,2000,.1170758433829354E-09,1,1995,-1.587575,1.758913
354,1.000000000000000,1,1,1,17,4,-.3419358873663284E-03,1,2000,.3388834186144228E-10,1,1319,2.321544,1.232828
355,1.000000000000000,1,1,1,17,5,-.1353399148058556E-04,1,2000,.2487323727990458E-10,1,1253,1.699335,1.420505
356,1.000000000000000,1,1,1,17,6,.1790285357874920E-05,1,2000,.5335215813273202E-10,1,1143,7.169252,1.325321
357,1.000000000000000,1,1,1,17,7,.3574246209038508E-05,1,2000,.1494218755107369E-10,1,1173,0.1457536,1.479734
358,1.000000000000000,1,1,1,17,8,.4525688009536355E-05,1,2000,.1072967634364375E-10,1,1203,3.455706,1.359724
359,1.000000000000000,1,1,1,17,9,-.3364451178606392E-05,1,2000,.1956706394707899E-10,1,1197,-6.751852,1.400514
360,1.000000000000000,1,1,1,17,10,.5010649733341091E-05,1,2000,.5309804186148929E-11,1,1189,-1.508096,1.382658
361,1.000000000000000,1,1,1,17,11,-.1593319420152846E-07,1,2000,.4088944216938597E-12,1,1027,1.674601,4.096722
362,1.000000000000000,1,1,1,17,12,-.2462623284356736E-06,1,2000,.2207464133402168E-12,1,1027,0.7353878,2.056236
363,1.000000000000000,1,1,1,17,13,.3162378994183553E-06,1,2000,-.5524515110223122E-12,1,1119,-8.376899,1.470846
364,1.000000000000000,1,1,1,17,14,-.4674187196775300E-06,1,2000,.9854481053483834E-13,1,1027,-0.2148201,0.4998415
365,1.000000000000000,1,1,1,17,15,.5511329061977800E-07,1,2000,.1499518205377016E-12,1,1027,-5.087997,1.321515
366,1.000000000000000,1,1,1,17,16,-.1633534293870813E-06,1,2000,-.2170071981195053E-13,1,1000,-0.9212704,0.1256903E-02
367,1.000000000000000,1,1,1,17,17,-.3822423112842299E-08,1,2000,-.2091210998727059E-13,1,1000,0.1276434E-02,0.3633536E-02
368,1.000000000000000,1,1,1,17,18,.2536552068054124E-08,1,2000,-.7941143851840789E-13,1,1000,0.3694063E-02,0.1914743E-02
369,1.000000000000000,1,1,1,17,19,.8624906210283206E-10,1,2000,-.7898956074801497E-13,1,1000,0.3524057E-02,0.1865070E-02
370,1.000000000000000,1,1,1,17,20,.8309020871871226E-08,1,2000,-.2381342938152508E-13,1,1000,0.2832231E-02,0.1486185E-03
371,1.000000000000000,1,1,1,17,21,.3094597256021378E-10,1,2000,-.2370512116013023E-13,1,1000,0.1361412E-03,0.1534530E-03
372,1.000000000000000,1,1,1,18,1,-.7069314070787079E-05,1,2000,.1128913479450859E-09,1,1991,1.000071,1.013001
373,1.000000000000000,1,1,1,18,2,-.1598349212926392E-03,1,2000,-.4395908435230218E-10,1,1993,5.006255,0.9009420
374,1.000000000000000,1,1,1,18,3,-.2522863886019602E-04,1,2000,.2585403696245641E-10,1,1993,0.4171273,2.019394
375,1.000000000000000,1,1,1,18,4,-.4750581259298650E-04,1,2000,.3882150162293351E-11,1,1333,3.158266,1.150577
376,1.000000000000000,1,1,1,18,5,-.1714171651449053E-05,1,2000,.2765278813016099E-11,1,1279,1.266078,1.404917
377,1.000000000000000,1,1,1,18,6,.6764623865543505E-07,1,2000,.2108338526413681E-11,1,1231,0.7719026,1.581832
378,1.000000000000000,1,1,1,18,7,-.6519922787807273E-09,1,2000,.1650609719440355E-11,1,1161,1.769508,1.450303
379,1.000000000000000,1,1,1,18,8,.4282206124203378E-09,1,2000,.1473235724233552E-11,1,1131,0.1617239E-01,1.394418
380,1.000000000000000,1,1,1,18,9,.2516806550129865E-08,1,2000,.9877955538526492E-12,1,1069,87.94981,2.373963
381,1.000000000000000,1,1,1,18,10,-.1266216902789737E-07,1,2000,.1080844987954516E-10,1,1059,-33.32571,1.953902
382,1.000000000000000,1,1,1,18,11,.1394721439656652E-07,1,2000,.1133203956741557E-12,1,1143,-0.1272955,0.8481515
383,1.000000000000000,1,1,1,18,12,-.1682823194745316E-09,1,2000,.1132626827167827E-12,1,1105,1.038889,0.4591031
384,1.000000000000000,1,1,1,18,13,-.1062868437150708E-10,1,2000,.1141687708958936E-12,1,1101,-0.3948311,0.4735471
385,1.000000000000000,1,1,1,18,14,-.3382655038310810E-11,1,2000,.8799564296369323E-13,1,1099,-0.7960234,0.3078933
386,1.000000000000000,1,1,1,18,15,-.1655697865732170E-10,1,2000,.4042713665249420E-13,1,1087,0.7333714,0.7894129E-01
387,1.000000000000000,1,1,1,18,16,-.1324776940141367E-10,1,2000,.5379696244438765E-13,1,1000,0.1212306,0.2337994E-01
388,1.000000000000000,1,1,1,18,17,-.3694085576223950E-11,1,2000,.5051449830242563E-13,1,1000,0.2273427E-01,0.2026817E-01
389,1.000000000000000,1,1,1,18,18,-.7935731624536864E-11,1,2000,.5382941891788599E-13,1,1000,0.2131756E-01,0.2069254E-01
390,1.000000000000000,1,1,1,18,19,-.8262702657890562E-12,1,2000,.5254306801265614E-13,1,1000,0.3198220E-02,0.2034594E-01
391,1.000000000000000,1,1,1,18,20,.6737189939084308E-12,1,2000,-.3299958535230003E-13,1,2000,0.3399258E-01,0.2006664E-01
392,1.000000000000000,1,1,1,18,21,-.3690107154328731E-12,1,2000,-.3065580181903916E-13,1,2000,0.2931360E-01,0.1942756E-01
393,1.000000000000000,1,1,1,18,22,-.9781681306715384E-11,1,2000,-.4431112603076446E-13,1,2000,0.4155923E-01,0.3820482E-01
394,1.000000000000000,1,1,1,18,23,-.1010112784152548E-11,1,2000,-.4372870346885733E-13,1,2000,-0.1221688E-01,0.3791876E-01
395,1.000000000000000,1,1,1,18,24,.6486323513565947E-11,1,2000,-.9736448754105671E-13,1,2000,0.8260107E-01,0.7682009E-01
396,1.000000000000000,1,1,1,18,25,-.5201712057989679E-12,1,2000,-.1211625352847900E-12,1,1000,0.2119252,0.1321138
397,1.000000000000000,1,1,1,18,26,-.4405100917613995E-11,1,2000,-.5575489146075661E-13,1,2000,-0.9654268E-01,0.5433587E-01
398,1.000000000000000,1,1,1,18,27,-.4906171981398018E-11,1,2000,-.3296340376286980E-13,1,2000,0.7751787E-01,0.2704070E-01
399,1.000000000000000,1,1,1,18,28,-.6778139287920099E-11,1,2000,-.5929533528048713E-13,1,2000,0.3953133E-01,0.1365290E-01
400,1.000000000000000,1,1,1,18,29,-.2150181955750422E-11,1,2000,-.5096368463984649E-13,1,2000,0.1250464E-01,0.1389234E-01
401,1.000000000000000,1,1,1,18,30,-.4109467293855758E-11,1,2000,.5129612810078893E-13,1,1000,0.1451313E-01,0.1746268E-01
402,1.000000000000000,1,1,1,18,31,-.7050202437440319E-12,1,2000,.5071878263367409E-13,1,1000,0.4652182E-02,0.1753652E-01
403,1.000000000000000,1,1,1,18,32,-.2319621844954379E-10,1,2000,.8514294388355207E-13,1,1000,0.3287207E-01,0.4330101E-01
404,1.000000000000000,1,1,1,18,33,-.1464308401324243E-11,1,2000,.8427890045249808E-13,1,1000,-0.2188087E-01,0.4487276E-01
405,1.000000000000000,1,1,1,18,34,-.1725491460728403E-10,1,2000,.1027390566596273E-12,1,1000,0.1852202,0.9790392E-01
406,1.000000000000000,1,1,1,18,35,.2770994197610160E-10,1,2000,-.4250370453054006E-13,1,2000,-0.7818619E-01,0.2097446E-01
407,1.000000000000000,1,1,1,18,36,.2350575214944468E-10,1,2000,-.1113556058789836E-12,1,2000,0.2250073E-01,0.2142837E-01
408,1.000000000000000,1,1,1,18,37,-.6410127052741656E-12,1,2000,-.1089623261316087E-12,1,2000,0.4940538E-03,0.2105327E-01
409,1.000000000000000,1,1,1,18,38,.1418635169718717E-10,1,2000,-.1708488832343821E-12,1,2000,0.3997444E-01,0.2927596E-01
410,1.000000000000000,1,1,1,18,39,-.6865056292396839E-12,1,2000,-.1656383967829592E-12,1,2000,0.2533733E-01,0.2879996E-01
411,1.000000000000000,1,1,1,18,40,-.3887997818306003E-12,1,2000,-.1749807353159910E-12,1,2000,-0.1944370E-01,0.2854164E-01
412,1.000000000000000,1,1,1,18,41,-.9122796581059082E-12,1,2000,-.1695340014458597E-12,1,2000,-0.2790806E-01,0.2793800E-01
413,1.000000000000000,1,1,1,19,1,.8571464485372648E-06,1,2000,.1667555360056115E-10,1,1991,0.9998962,0.9151065
414,1.000000000000000,1,1,1,19,2,.1216553834702031E-05,1,2000,.6563203645666216E-11,1,1993,-0.3377875,0.9571451
415,1.000000000000000,1,1,1,19,3,-.3988456521465535E-05,1,2000,.1632105354154571E-11,1,1993,-5.689319,1.705998
416,1.000000000000000,1,1,1,19,4,-.3105693149768492E-05,1,2000,.1884320167812230E-12,1,1991,3.074769,0.8869845
417,1.000000000000000,1,1,1,19,5,-.4593554796778858E-06,1,2000,.1465704373893425E-12,1,1309,1.615714,0.7803129
418,1.000000000000000,1,1,1,19,6,.4668035308814103E-07,1,2000,.1115151544695501E-12,1,1291,0.6978307,0.5629075
419,1.000000000000000,1,1,1,19,7,-.1149358514643621E-10,1,2000,.1009089775732040E-12,1,1279,0.1037728,0.4922759
420,1.000000000000000,1,1,1,19,8,-.2019090578808933E-10,1,2000,.9176286689778409E-13,1,1269,0.2289042,0.4270722
421,1.000000000000000,1,1,1,19,9,-.1559617608114534E-10,1,2000,.8249935289410822E-13,1,1257,0.2572739,0.3558155
422,1.000000000000000,1,1,1,19,10,-.8162720315650100E-11,1,2000,.7629347699406096E-13,1,1245,0.1681764,0.3035855
423,1.000000000000000,1,1,1,19,11,-.6089921435817333E-11,1,2000,.7130649425752906E-13,1,1235,0.1525805,0.2587374
424,1.000000000000000,1,1,1,19,12,-.4821894324106130E-11,1,2000,.6734893057503729E-13,1,1225,0.1343948,0.2217116
425,1.000000000000000,1,1,1,19,13,-.3703155755325924E-11,1,2000,.6427566255745559E-13,1,1217,0.1108490,0.1927207
426,1.000000000000000,1,1,1,19,14,-.1558853567608933E-11,1,2000,.6270415263000382E-13,1,1215,0.2264549E-01,0.1784822
427,1.000000000000000,1,1,1,19,15,-.1417452117843710E-11,1,2000,.6128962918417543E-13,1,1211,0.2323448E-01,0.1658903
428,1.000000000000000,1,1,1,19,16,-.2243687898574288E-11,1,2000,.5921777461804157E-13,1,1205,0.8897732E-01,0.1480813
429,1.000000000000000,1,1,1,19,17,-.1884854070255848E-11,1,2000,.5752464303493131E-13,1,1201,0.6888220E-01,0.1342308
430,1.000000000000000,1,1,1,19,18,-.1956534400392513E-11,1,2000,.5594147905546820E-13,1,1195,0.6908354E-01,0.1219384
431,1.000000000000000,1,1,1,19,19,-.1568909700702516E-11,1,2000,.5467988212089615E-13,1,1191,0.5385696E-01,0.1127484
432,1.000000000000000,1,1,1,19,20,-.1291492991266368E-11,1,2000,.5360086127444495E-13,1,1189,0.4649818E-01,0.1053754
433,1.000000000000000,1,1,1,19,21,-.1062199188495928E-11,1,2000,.5270583687136885E-13,1,1185,0.3743818E-01,0.9959166E-01
434,1.000000000000000,1,1,1,19,22,-.1117192808451960E-11,1,2000,.5168581186029442E-13,1,1181,0.5081013E-01,0.9345707E-01
435,1.000000000000000,1,1,1,19,23,-.8946744994736468E-12,1,2000,.5085881857034391E-13,1,1179,0.3864582E-01,0.8880076E-01
436,1.000000000000000,1,1,1,19,24,-.6055031378915257E-12,1,2000,.5034427223140218E-13,1,1177,0.1064237E-01,0.8605885E-01
437,1.000000000000000,1,1,1,19,25,-.5414538645437611E-12,1,2000,.4988183545305049E-13,1,1175,0.6004408E-02,0.8371463E-01
438,1.000000000000000,1,1,1,19,26,-.3601513117458099E-12,1,2000,.4952866942196437E-13,1,1173,-0.1519878E-01,0.8200055E-01
439,1.000000000000000,1,1,1,19,27,-.3400760785475197E-12,1,2000,.4919770728383620E-13,1,1173,-0.1613678E-01,0.8042967E-01
440,1.000000000000000,1,1,1,19,28,-.6287762127427827E-12,1,2000,-.5058013818553047E-13,1,1000,0.4538906E-01,0.7725244E-01
441,1.000000000000000,1,1,1,19,29,-.5747693558308561E-12,1,2000,.4783266021890408E-13,1,1167,0.3608453E-01,0.7455761E-01
442,1.000000000000000,1,1,1,19,30,-.3919007892802988E-12,1,2000,-.7878511934712369E-13,1,1000,0.2218813E-01,0.7301001E-01
443,1.000000000000000,1,1,1,19,31,-.2078059280830135E-12,1,2000,-.7515757768880467E-13,1,1000,-0.2279009E-01,0.7222595E-01
444,1.000000000000000,1,1,1,19,32,-.4247128720203904E-12,1,2000,.4687022936748530E-13,1,1163,0.5348341E-01,0.7095081E-01
445,1.000000000000000,1,1,1,19,33,-.6395861988469687E-12,1,2000,.4631493188097229E-13,1,1161,0.5006961E-01,0.6907516E-01
446,1.000000000000000,1,1,1,19,34,-.6350539773518896E-12,1,2000,.4574964163010515E-13,1,1159,0.3837100E-01,0.6731713E-01
447,1.000000000000000,1,1,1,19,35,-.6581796652683830E-12,1,2000,.4515845330519891E-13,1,1157,0.3796608E-01,0.6565765E-01
448,1.000000000000000,1,1,1,19,36,-.2407309403432631E-12,1,2000,-.5508418733255106E-13,1,1000,-0.1352814E-01,0.6514446E-01
449,1.000000000000000,1,1,1,19,37,-.2800572165825393E-12,1,2000,-.5207330681546803E-13,1,1000,-0.1393648E-01,0.6455906E-01
450,1.000000000000000,1,1,1,19,38,-.4417527092937666E-12,1,2000,.4428476971684791E-13,1,1153,0.3176428E-01,0.6347998E-01
451,1.000000000000000,1,1,1,19,39,-.4022635636957000E-12,1,2000,.4387348215426447E-13,1,1151,0.2459733E-01,0.6257848E-01
452,1.000000000000000,1,1,1,19,40,-.7777118914042446E-12,1,2000,.4310980310281726E-13,1,1147,0.5436356E-01,0.6111810E-01
453,1.000000000000000,1,1,1,19,41,-.6423073834524732E-12,1,2000,.4249252679340346E-13,1,1143,0.3982107E-01,0.6014425E-01
454,1.000000000000000,1,1,1,19,42,-.5354879997498514E-12,1,2000,.4203264382570865E-13,1,1141,0.2915954E-01,0.5952583E-01
455,1.000000000000000,1,1,1,19,43,-.4304520768485673E-12,1,2000,.4166477773767649E-13,1,1139,0.2253204E-01,0.5906883E-01
456,1.000000000000000,1,1,1,19,44,-.7104156270114067E-12,1,2000,.4103050218001617E-13,1,1135,0.4739766E-01,0.5842584E-01
457,1.000000000000000,1,1,1,19,45,-.5615281702220240E-12,1,2000,.4052057902958014E-13,1,1133,0.3544595E-01,0.5801472E-01
458,1.000000000000000,1,1,1,19,46,-.1176843494777330E-08,1,1999,.4046644644587626E-13,1,1133,0.4780401E-01,0.5787932E-01
459,1.000000000000000,1,1,1,19,47,-.2546484564428531E-12,1,2000,.4021000942580587E-13,1,1131,0.4201780E-01,0.5762201E-01
460,1.000000000000000,1,1,1,19,48,-.3722311688392050E-12,1,2000,.3977784807370494E-13,1,1129,0.5109860E-01,0.5726271E-01
461,1.000000000000000,1,1,1,19,49,-.4486725691687702E-12,1,2000,.3926822837930227E-13,1,1127,0.4618226E-01,0.5692684E-01
462,1.000000000000000,1,1,1,19,50,.1570331692224731E-08,1,1999,.3942254935274954E-13,1,1127,0.6499303E-01,0.5704369E-01
463,1.000000000000000,1,1,1,19,51,-.2494024029431632E-12,1,2000,.3928237577742802E-13,1,1127,0.4620710E-01,0.5698280E-01
464,1.000000000000000,1,1,1,19,52,-.4876418429175081E-12,1,2000,.3897900722093366E-13,1,1125,0.5196287E-01,0.5682952E-01
465,1.000000000000000,1,1,1,19,53,-.4786690389092321E-12,1,2000,.3862880504244824E-13,1,1123,0.3613079E-01,0.5667204E-01
466,1.000000000000000,1,1,1,19,54,-.7153256179509731E-12,1,2000,.3810496659016692E-13,1,1119,0.4909028E-01,0.5650350E-01
467,1.000000000000000,1,1,1,19,55,-.5536636218361009E-12,1,2000,.3767955326090731E-13,1,1117,0.3537167E-01,0.5639037E-01
468,1.000000000000000,1,1,1,19,56,-.5961272261816793E-13,1,2000,.3755718177917547E-13,1,1115,0.3948920E-01,0.5629285E-01
469,1.000000000000000,1,1,1,19,57,-.2262507258559232E-12,1,2000,.3730043253217564E-13,1,1113,0.3593736E-01,0.5617032E-01
470,1.000000000000000,1,1,1,19,58,-.3033037066995453E-12,1,2000,.3695995390272052E-13,1,1111,0.3811890E-01,0.5603457E-01
471,1.000000000000000,1,1,1,19,59,-.3476800832731062E-12,1,2000,.3658420439585263E-13,1,1109,0.3680289E-01,0.5590041E-01
472,1.000000000000000,1,1,1,19,60,-.5188088922873555E-12,1,2000,.3605429886433324E-13,1,1105,0.4853123E-01,0.5574103E-01
473,1.000000000000000,1,1,1,19,61,-.5429108946970327E-12,1,2000,.3552508309183077E-13,1,1101,0.4464411E-01,0.5562470E-01
474,1.000000000000000,1,1,1,19,62,-.1308017898985066E-12,1,2000,.3537421449408884E-13,1,1101,0.2041367E-01,0.5552731E-01
475,1.000000000000000,1,1,1,19,63,-.1808045550969605E-12,1,2000,.3517853811122383E-13,1,1099,0.1604549E-01,0.5541684E-01
476,1.000000000000000,1,1,1,19,64,-.1852379899900668E-12,1,2000,.3494814496248394E-13,1,1097,0.2109185E-01,0.5527852E-01
477,1.000000000000000,1,1,1,19,65,-.1670075917272492E-12,1,2000,.3473785901577361E-13,1,1095,0.1611219E-01,0.5515055E-01
478,1.000000000000000,1,1,1,19,66,-.2987889427234966E-12,1,2000,.3445938041069732E-13,1,1093,0.2890175E-01,0.5497236E-01
479,1.000000000000000,1,1,1,19,67,-.2763487456832694E-12,1,2000,.3420897628958373E-13,1,1093,0.2360395E-01,0.5479164E-01
480,1.000000000000000,1,1,1,19,68,-.6770563192028218E-12,1,2000,.3358367821491495E-13,1,1087,0.6297115E-01,0.5433537E-01
481,1.000000000000000,1,1,1,19,69,-.5999544746061112E-12,1,2000,.3305320549256716E-13,1,1081,0.4702482E-01,0.5392123E-01
482,1.000000000000000,1,1,1,19,70,-.5311921051722038E-12,1,2000,.3263436986162370E-13,1,1077,0.3843102E-01,0.5351616E-01
483,1.000000000000000,1,1,1,19,71,-.3737314770473877E-12,1,2000,.3233805941240938E-13,1,1075,0.2932073E-01,0.5314306E-01
484,1.000000000000000,1,1,1,19,72,-.1378692004629273E-12,1,2000,.3220346550321101E-13,1,1073,0.4884706E-02,0.5292884E-01
485,1.000000000000000,1,1,1,19,73,-.1287207647666555E-12,1,2000,.3207520402616364E-13,1,1071,0.2905288E-02,0.5271053E-01
486,1.000000000000000,1,1,1,19,74,-.1709194859435272E-12,1,2000,.3189644515399336E-13,1,1071,0.1931790E-01,0.5237928E-01
487,1.000000000000000,1,1,1,19,75,-.1612864716625731E-12,1,2000,.3172933000839250E-13,1,1069,0.1646315E-01,0.5206170E-01
488,1.000000000000000,1,1,1,19,76,-.8796082261577894E-13,1,2000,-.5782081806597613E-13,1,2000,-0.2347365E-04,0.5184052E-01
489,1.000000000000000,1,1,1,19,77,-.8564964064106872E-13,1,2000,-.5490726927335859E-13,1,2000,-0.1329990E-02,0.5161833E-01
490,1.000000000000000,1,1,1,19,78,-.8709218265201258E-13,1,2000,.3141909920926528E-13,1,1065,-0.1313406E-01,0.5143222E-01
491,1.000000000000000,1,1,1,19,79,-.8579937275070941E-13,1,2000,.3133295170548029E-13,1,1065,-0.1362259E-01,0.5124818E-01
492,1.000000000000000,1,1,1,19,80,-.1187276908631177E-12,1,2000,.3122477878160069E-13,1,1063,0.1193219E-02,0.5099996E-01
493,1.000000000000000,1,1,1,19,81,-.1141322732332010E-12,1,2000,.3111959354664786E-13,1,1061,-0.4051763E-04,0.5075803E-01
494,1.000000000000000,1,1,1,19,82,-.1528170622530860E-12,1,2000,.3099312270131788E-13,1,1059,0.1753973E-01,0.5045480E-01
495,1.000000000000000,1,1,1,19,83,-.1728678120362384E-12,1,2000,.3085083002274651E-13,1,1059,0.1742979E-01,0.5009652E-01
496,1.000000000000000,1,1,1,19,84,-.3960197361300175E-13,1,2000,.3078352956252880E-13,1,1057,-0.1146656E-01,0.4992147E-01
497,1.000000000000000,1,1,1,19,85,-.5183843894951083E-13,1,2000,.3070362741817796E-13,1,1055,-0.1227249E-01,0.4970861E-01
498,1.000000000000000,1,1,1,19,86,-.1219862293804247E-12,1,2000,.3054420377580121E-13,1,1053,0.2638705E-01,0.4925618E-01
499,1.000000000000000,1,1,1,19,87,-.1229740842137502E-12,1,2000,.3039116444262757E-13,1,1051,0.2225594E-01,0.4879484E-01
500,1.000000000000000,1,1,1,19,88,-.2161750291797244E-12,1,2000,.5025356423124359E-13,1,1000,0.3416410E-01,0.4811084E-01
501,1.000000000000000,1,1,1,19,89,-.2007290825606835E-12,1,2000,.4525533534659665E-13,1,1000,0.2820028E-01,0.4747646E-01
502,1.000000000000000,1,1,1,19,90,-.1456355468096945E-12,1,2000,.5214741958621790E-13,1,1000,0.1202523E-01,0.4709931E-01
503,1.000000000000000,1,1,1,19,91,-.1356375455385162E-12,1,2000,.4902636968174739E-13,1,1000,0.1049291E-01,0.4673304E-01
504,1.000000000000000,1,1,1,19,92,-.8489260832454844E-13,1,2000,.2971766043059170E-13,1,1041,0.6784506E-02,0.4639834E-01
505,1.000000000000000,1,1,1,19,93,-.8018062232698948E-13,1,2000,.2963188532938589E-13,1,1041,0.5335278E-02,0.4607605E-01
506,1.000000000000000,1,1,1,19,94,-.6440517210251339E-13,1,2000,.5348955128956338E-13,1,1000,-0.7818408E-02,0.4583216E-01
507,1.000000000000000,1,1,1,19,95,-.6299003984517291E-13,1,2000,.5139797636431737E-13,1,1000,-0.8105046E-02,0.4558958E-01
508,1.000000000000000,1,1,1,19,96,-.1142649779816727E-12,1,2000,.5274636559113023E-13,1,1000,0.6668408E-02,0.4525404E-01
509,1.000000000000000,1,1,1,19,97,-.1088752261098200E-12,1,2000,.5007641329463080E-13,1,1000,0.5269124E-02,0.4492787E-01
510,1.000000000000000,1,1,1,19,98,-.1490318439860918E-12,1,2000,.2913147843134872E-13,1,1037,0.3746572E-01,0.4415097E-01
511,1.000000000000000,1,1,1,19,99,-.1274799180168769E-12,1,2000,.2892559049692520E-13,1,1037,0.3066494E-01,0.4338043E-01
512,1.000000000000000,1,1,1,19,100,-.2628635732565726E-12,1,2000,.2855997297740052E-13,1,1035,0.4495637E-01,0.4201686E-01
513,1.000000000000000,1,1,1,19,101,-.2244870378385158E-12,1,2000,.2823223932663128E-13,1,1035,0.3411390E-01,0.4083887E-01
514,1.000000000000000,1,1,1,19,102,.4653257777277316E-12,1,2000,.6062449769651450E-13,1,1000,0.6102165E-01,0.4299838E-01
515,1.000000000000000,1,1,1,19,103,.2476119018982892E-12,1,2000,.6009360235552310E-13,1,1000,0.4128565E-01,0.4409190E-01
516,1.000000000000000,1,1,1,19,104,-.1937307566979531E-12,1,2000,.2883001523901947E-13,1,1037,0.2878601E-01,0.4303419E-01
517,1.000000000000000,1,1,1,19,105,-.1222760460304704E-12,1,2000,.2863488760982594E-13,1,1035,0.2249527E-01,0.4231298E-01
518,1.000000000000000,1,1,1,19,106,-.2101139198099135E-12,1,2000,.2839936352655575E-13,1,1035,0.2872895E-01,0.4146799E-01
519,1.000000000000000,1,1,1,19,107,-.1845835465182608E-12,1,2000,.2819919079900929E-13,1,1035,0.2356799E-01,0.4076630E-01
520,1.000000000000000,1,1,1,19,108,-.2970236159634269E-08,1,1999,.7925161990040269E-13,1,1000,0.1468868E-01,0.4027977E-01
521,1.000000000000000,1,1,1,19,109,-.2477316607548074E-08,1,1999,.7473250600010167E-13,1,1000,0.1288478E-01,0.3985544E-01
522,1.000000000000000,1,1,1,19,110,-.1469150027373939E-12,1,2000,.5018328475095536E-13,1,1000,0.2671951E-01,0.3919123E-01
523,1.000000000000000,1,1,1,19,111,-.1466151956802555E-12,1,2000,.4551644211083922E-13,1,1000,0.2305905E-01,0.3855165E-01
524,1.000000000000000,1,1,1,19,112,-.7421976795401810E-13,1,2000,.2743622575011825E-13,1,1031,0.1556726E-01,0.3806992E-01
525,1.000000000000000,1,1,1,19,113,-.6205589600388801E-13,1,2000,.2730707064813175E-13,1,1031,0.1358886E-01,0.3763735E-01
526,1.000000000000000,1,1,1,19,114,-.9974180697169685E-13,1,2000,.2704380295786999E-13,1,1031,0.3313220E-01,0.3677428E-01
527,1.000000000000000,1,1,1,19,115,-.9070769430666759E-13,1,2000,.2678051607118842E-13,1,1031,0.2776590E-01,0.3593176E-01
528,1.000000000000000,1,1,1,19,116,-.4612668378673476E-12,1,2000,.2563254325407838E-13,1,1029,0.6507400E-01,0.3234379E-01
529,1.000000000000000,1,1,1,19,117,-.4361808411538721E-12,1,2000,.2454777816501666E-13,1,1029,0.3917938E-01,0.2924735E-01
530,1.000000000000000,1,1,1,19,118,-.2032660112430423E-12,1,2000,.2405363458617967E-13,1,1029,0.2140079E-01,0.2793477E-01
531,1.000000000000000,1,1,1,19,119,-.1285370794636485E-12,1,2000,.2374415368955026E-13,1,1029,0.1715831E-01,0.2714519E-01
532,1.000000000000000,1,1,1,19,120,-.1652339619544560E-12,1,2000,-.2857013609087541E-13,1,1000,0.2130898E-01,0.2624844E-01
533,1.000000000000000,1,1,1,19,121,-.1357140776051414E-12,1,2000,-.2720089915326769E-13,1,1000,0.1795947E-01,0.2555053E-01
534,1.000000000000000,1,1,1,19,122,-.6838531415492173E-12,1,2000,-.5012975824091155E-13,1,1000,0.4811776E-01,0.2204878E-01
535,1.000000000000000,1,1,1,19,123,-.6241566821621575E-12,1,2000,-.4209963088293151E-13,1,1000,0.2811812E-01,0.1908403E-01
536,1.000000000000000,1,1,1,19,124,.1620223929137612E-12,1,2000,.2052874412370562E-13,1,1029,0.1516749E-01,0.1989448E-01
537,1.000000000000000,1,1,1,19,125,.8920349741324093E-09,1,1999,.2061537887060363E-13,1,1029,0.1196939E-01,0.2007037E-01
538,1.000000000000000,1,1,1,19,126,.1850296096699391E-09,1,1999,.2547398817017392E-13,1,1000,0.1464698E-01,0.2010827E-01
539,1.000000000000000,1,1,1,19,127,-.3166151286116797E-13,1,2000,.2405318257027404E-13,1,1000,0.1249195E-01,0.1998284E-01
540,1.000000000000000,1,1,1,20,1,.7469356297351955E-07,1,2000,.1151381873967211E-11,1,1991,0.9998819,0.9124815
541,1.000000000000000,1,1,1,20,2,.1085797304465608E-06,1,2000,.3398873474419902E-12,1,1993,-0.6604062E-01,0.9106342
542,1.000000000000000,1,1,1,20,3,-.8284608717293224E-08,1,2000,.1157419412424814E-12,1,1992,-26.23341,0.1235386
543,1.000000000000000,1,1,1,20,4,-.2546357810046078E-07,1,2000,.1142696766966826E-12,1,1992,0.1591979,0.1324253
544,1.000000000000000,1,1,1,20,5,-.1326620251195626E-06,1,2000,.8634614807807588E-13,1,1994,1.278377,0.6615150E-01
545,1.000000000000000,1,1,1,20,6,-.1153362934138418E-06,1,2000,.7307237833812066E-13,1,1994,0.1202485,0.6372613E-01
546,1.000000000000000,1,1,1,20,7,-.1094466240275219E-07,1,2000,.6630862575654089E-13,1,1994,0.5561077E-01,0.5513673E-01
547,1.000000000000000,1,1,1,20,8,-.6183191805905461E-08,1,2000,.5971185558646645E-13,1,1994,0.5465104E-01,0.4582343E-01
548,1.000000000000000,1,1,1,20,9,-.9795525320316133E-08,1,2000,.4857863634410452E-13,1,1994,0.7576478E-01,0.3240537E-01
549,1.000000000000000,1,1,1,20,10,.2717479813234098E-07,1,2000,.7606873041274775E-13,1,1994,-0.8184677E-01,0.7078523E-01
550,1.000000000000000,1,1,1,20,11,-.4141580717095584E-07,1,2000,-.3512844922657349E-13,1,1000,-0.7226195E-01,0.1952429E-01
551,1.000000000000000,1,1,1,20,12,-.2935267627782761E-07,1,2000,.2206996263462999E-13,1,1000,0.2719709E-01,0.8889238E-02
552,1.000000000000000,1,1,1,20,13,-.1078122171482799E-07,1,2000,.2322654563593119E-13,1,1000,0.9047054E-02,0.9829605E-02
553,1.000000000000000,1,1,1,20,14,-.3175828728255420E-08,1,2000,.1802346547313894E-13,1,1000,0.6360733E-02,0.1049165E-01
554,1.000000000000000,1,1,1,20,15,-.4106028337203255E-09,1,2000,.1780861810076022E-13,1,1000,0.3677998E-02,0.1049190E-01
555,1.000000000000000,1,1,1,21,1,.1172555261895263E-08,1,2000,.2497840248943641E-11,1,986,0.4073415,0.1875986
556,1.000000000000000,1,1,1,21,2,.7008832831447552E-09,1,2000,.1198206777448325E-11,1,986,0.1771144,0.4016709E-01
557,1.000000000000000,1,1,1,21,3,.5276059427931814E-09,1,2000,.2853398171268903E-12,1,986,0.5546390E-01,0.6571128E-02
558,1.000000000000000,1,1,1,21,4,.2249900067392826E-09,1,2000,-.8492001795430103E-13,1,986,0.8268027E-02,0.4891565E-02
559,1.000000000000000,1,1,1,21,5,.3126807153850110E-10,1,2000,-.1225806267146469E-12,1,986,0.3408380E-02,0.5061629E-02
560,1.000000000000000,1,1,1,22,1,.4934835955452457E-10,1,2000,-.1170576271108824E-12,1,986,0.3072720E-01,0.1495692E-01
